Carrera,Hora,Premio,Distancia,Tipo,Posicion,Numero,Ejemplar,Padre,Edad,Peso,Distancia_Llegada,Jinete,Preparador,Stud,Dividendo,Tiempo
1,10:45,Momento,1200m,Handicap (Hd) 3 al 2,1,14,Queen Any,Cloud Computing,5,440k,0,B. Sancho.,Raúl Montesino S.,Los Cabezas Alvarez,7.60,1.13.01
1,10:45,Momento,1200m,Handicap (Hd) 3 al 2,2,10,Kirsch Royal,Leading The Parade,11,465k,2,B. González.,Mario Covarrubias,Quarter Dollar,6.80,1.13.01
1,10:45,Momento,1200m,Handicap (Hd) 3 al 2,3,12,La Tostadora,Cupid,5,485k,2½,A. Covarrubias.,Hernán Pacheco P.,Grande Tio Kiko,9.80,1.13.01
1,10:45,Momento,1200m,Handicap (Hd) 3 al 2,4,7,First Classic,Classic Empire,4,473k,3¼,S. González.,Eugenio Switt V.,Los Garrido,2.60,1.13.01
1,10:45,Momento,1200m,Handicap (Hd) 3 al 2,5,13,Juntitos Siempre,Grand Daddy,4,460k,6¾,J. Soto.,Rodrigo López B.,Patito,22.20,1.13.01
2,11:10,Amani,1200m,Condicional (Cd),1,7,Bacancita,Lookin At Lucky,3,504k,0,J. González.,Carlos Raby V.,Stud Dona Lili,1.90,1.12.93
2,11:10,Amani,1200m,Condicional (Cd),2,2,Sogna Con Me,Ya Primo,3,440k,2¾,F. Medina.,José Venegas P.,Jose Venegas P.,4.10,1.12.93
2,11:10,Amani,1200m,Condicional (Cd),3,3,Valkiria,Classic Empire,3,430k,4½,N. Santibañez.,Luis Urbina H.,Luigi,6.70,1.12.93
2,11:10,Amani,1200m,Condicional (Cd),4,9,La Trotona,Robert Bruce,3,459k,5¼,S. González.,Jorge Andrés Inda D.,Haras Convento Viejo,8.70,1.12.93
2,11:10,Amani,1200m,Condicional (Cd),5,4,Diosa Kali,Spun to Run,3,,6¼,D. D. Medina.,José Bravo M.,José Bravo M.,25.60,1.12.93
3,11:35,Hall Wallis,1900m,Handicap (Hd) 23 al 14,1,4,Siete Del Nueve,Good Samaritan,5,465k,0,L. Torres.,Eduardo Lab R.,Crisval,6.70,1.59.27
3,11:35,Hall Wallis,1900m,Handicap (Hd) 23 al 14,2,5,Pajoma,Bad Daddy,5,441k,2,H. Ochoa.,Isaac Michea F.,Bruno Alonso,3.30,1.59.27
3,11:35,Hall Wallis,1900m,Handicap (Hd) 23 al 14,3,3,Roce Secreto,Good Samaritan,4,456k,2½,J. Toro.,Juan C. Pichara J.,Viejo Perro,3.30,1.59.27
3,11:35,Hall Wallis,1900m,Handicap (Hd) 23 al 14,4,1,Alcides,Midshipman,4,439k,5¼,A. Rivera.,Julio Orellana R.,Charrúa,2.00,1.59.27
3,11:35,Hall Wallis,1900m,Handicap (Hd) 23 al 14,5,6,A Quien Saliste,Distorted Economy,4,489k,6¾,I. Valdivia.,Rodrigo Quiroz S.,Titan,6.20,1.59.27
4,12:01,Baalbek,1200m,Handicap (Hd) 1,1,2,Vasca Brava,International Star,4,438k,0,W. León.,Jaime Espineira C.,Jaime Espiñeira C.,2.70,1.13.78
4,12:01,Baalbek,1200m,Handicap (Hd) 1,2,9,El Gran Tornado,Newfoundland,8,441k,2¼,N. Molina.,Mario A. Apablaza G.,Albino,7.60,1.13.78
4,12:01,Baalbek,1200m,Handicap (Hd) 1,3,13,Peluka,Frank Conversation,4,453k,5½,F. Medina.,Juan C. Pichara J.,Seguir Soñando,10.00,1.13.78
4,12:01,Baalbek,1200m,Handicap (Hd) 1,4,12,Beautiful Champion,Sonoma Band,5,421k,6½,J. Vera.,Rodrigo Quiroz S.,Don Alamiro,11.90,1.13.78
4,12:01,Baalbek,1200m,Handicap (Hd) 1,5,14,City Blue,Seeking The Dia,6,429k,6½,F. Moreno.,José Venegas P.,Jose Venegas P.,4.20,1.13.78
5,12:26,Cuan Linda,1200m,Condicional (Cd),1,4,Bernoulli,Distorted Economy,3,438k,0,F. Medina.,Cristián Urbina R.,Kekita,3.90,1.13.08
5,12:26,Cuan Linda,1200m,Condicional (Cd),2,15,Karmelia,Kingly,3,461k,1,R. Fuenzalida.,Juan Pablo Baeza J.,Haras Mocito Guapo,2.50,1.13.08
5,12:26,Cuan Linda,1200m,Condicional (Cd),3,3,Tu Mi Cunca,Cunco,3,435k,3¾,D. D. Medina.,Pedro Diaz S.,Pedro Diaz S.,133.60,1.13.08
5,12:26,Cuan Linda,1200m,Condicional (Cd),4,1,Hi Fly,Flyer,3,421k,5½,P. Galáz.,Hernán Pacheco P.,Grande Tio Kiko,8.70,1.13.08
5,12:26,Cuan Linda,1200m,Condicional (Cd),5,12,Bella Chichi,Distorted Economy,3,466k,6½,A. Covarrubias.,Hernán Pacheco P.,Margal,42.60,1.13.08
6,12:51,Geologo,1200m,Handicap (Hd) 1,1,3,Western Film,Annual Report,6,463k,0,M. Cordero.,Eduardo Lab R.,Francisca Ignacia,3.30,1.13.18
6,12:51,Geologo,1200m,Handicap (Hd) 1,2,7,Demoov,Newfoundland,9,485k,1,M. Gutiérrez.,Julio Castillo D.,Bruno Alonso,5.10,1.13.18
6,12:51,Geologo,1200m,Handicap (Hd) 1,3,10,Silverchair,Papelon,4,410k,1½,A. Vásquez.,Oscar Donate S.,Redbros,3.10,1.13.18
6,12:51,Geologo,1200m,Handicap (Hd) 1,4,14,Josie Girl,El Facha,6,418k,2¾,N. Santibañez.,Alejandro Padovani E.,Maria Dolores,22.50,1.13.18
6,12:51,Geologo,1200m,Handicap (Hd) 1,5,9,Palabra Cierta,Gemologist,7,482k,3¾,R.S. Dores.,Rodrigo Quiroz S.,Peter Ecso,16.20,1.13.18
7,13:17,Jolimet,1200m,Handicap (Hd) 4 al 3,1,4,Good Chief,Good Samaritan,4,425k,0,D. Carvacho.,Isaac Michea F.,Lgs Generadores,8.70,1.11.94
7,13:17,Jolimet,1200m,Handicap (Hd) 4 al 3,2,1,Miss Levalamat,Indian Trail,7,460k,pz,M. Gutiérrez.,Rafael Bernal G.,Doña Nani,2.80,1.11.94
7,13:17,Jolimet,1200m,Handicap (Hd) 4 al 3,3,14,Mandioka,Dangerous Midge,8,421k,¾ cp,A. Vásquez.,Maritza Pérez A.,Tata Lalo,7.50,1.11.94
7,13:17,Jolimet,1200m,Handicap (Hd) 4 al 3,4,13,Limitless,Hold Me Back,7,471k,2½,F. Henríquez.,Leopoldo Parra G.,El Vetero,16.70,1.11.94
7,13:17,Jolimet,1200m,Handicap (Hd) 4 al 3,5,12,Desert Cat,Newfoundland,8,450k,3,M. Galáz.,Jaime Espineira C.,La Tropa,5.70,1.11.94
8,13:42,Mapalo,1200m,Handicap (Hd) 6 al 4,1,13,Aragonero,The Lumber Guy,5,450k,0,H. Ochoa.,Rodrigo Sánchez Q.,Haras Lizzie,4.60,1.12.11
8,13:42,Mapalo,1200m,Handicap (Hd) 6 al 4,2,4,Sayer Paradise,Malagacy,6,460k,2¼,P. Reyes.,Eugenio Switt V.,Jurassic,18.70,1.12.11
8,13:42,Mapalo,1200m,Handicap (Hd) 6 al 4,3,6,Marrakech,El Milagrito,4,447k,2¾,C. Weilby.,Genaro J. Covarrubias E.,La Corina,35.00,1.12.11
8,13:42,Mapalo,1200m,Handicap (Hd) 6 al 4,4,5,Ya Magico,Viscount Nelson,6,442k,3,W. León.,Genaro J. Covarrubias E.,La Corina,4.10,1.12.11
8,13:42,Mapalo,1200m,Handicap (Hd) 6 al 4,5,9,John Wayne,Aragorn II,12,481k,3¼,L. González.,Genaro J. Covarrubias E.,Papi Rey,14.90,1.12.11
9,14:08,Cayaqui,1200m,Handicap (Hd) 10 al 9,1,4,Rotherham,Grand Daddy,5,493k,0,A. Vásquez.,Oscar Donate S.,Los Compadres,5.20,1.12.20
9,14:08,Cayaqui,1200m,Handicap (Hd) 10 al 9,2,13,Seeking The Soul,Seeking The Dia,7,439k,pz,N. Ramirez.,Alejandro Padovani E.,Los Lokolopulus,2.20,1.12.20
9,14:08,Cayaqui,1200m,Handicap (Hd) 10 al 9,3,12,Pistola Velázquez,Hold Me Back,6,430k,1¾,H. Barrera.,Rodrigo Quiroz S.,Haras Río Grande,16.00,1.12.20
9,14:08,Cayaqui,1200m,Handicap (Hd) 10 al 9,4,5,Preziosi,Sumerio,3,437k,1¾,A. Alvarez.,Cristián Urbina R.,Morat,5.10,1.12.20
9,14:08,Cayaqui,1200m,Handicap (Hd) 10 al 9,5,2,Waquar,Gemologist,7,522k,2,R. Fuenzalida.,Pedro Diaz S.,Los Jeques,10.40,1.12.20
10,14:36,Racine,1200m,Handicap (Hd) 12 al 10,1,14,Run Fast,Cunco,6,441k,0,F. Medina.,Cristián Urbina R.,C Y G,6.30,1.10.80
10,14:36,Racine,1200m,Handicap (Hd) 12 al 10,2,8,La Que Manda,Exaggerator,4,442k,1,A. Covarrubias.,Julio Castillo D.,El Gallito,31.00,1.10.80
10,14:36,Racine,1200m,Handicap (Hd) 12 al 10,3,7,El Gran Menotti,Hold Me Back,6,440k,3¼,H. Barrera.,Rodrigo Quiroz S.,Haras Río Grande,13.60,1.10.80
10,14:36,Racine,1200m,Handicap (Hd) 12 al 10,4,9,Vamos De La Mano,Patternrecognition,3,428k,3¼,A. Vásquez.,Rodrigo López B.,Angelica Y Francisco,8.50,1.10.80
10,14:36,Racine,1200m,Handicap (Hd) 12 al 10,5,11,Mi Rincon,Alfonso,3,460k,6,H. Ochoa.,Rodrigo Sánchez Q.,Rodrigo Sanchez Q.,50.80,1.10.80
11,15:03,Panchicuy,1200m,Handicap (Hd) 7 al 6,1,1,Callahan,Viscount Nelson,6,436k,0,C. Weilby.,Genaro J. Covarrubias E.,El Mero Mero,66.90,1.13.00
11,15:03,Panchicuy,1200m,Handicap (Hd) 7 al 6,2,4,Princesa Ruby,Admiral,4,490k,¾ cp,D. Carvacho.,Rodrigo López B.,Per Sempre,4.00,1.13.00
11,15:03,Panchicuy,1200m,Handicap (Hd) 7 al 6,3,5,Gran Pepe,Grand Daddy,7,537k,1¾,S. González.,Eugenio Switt V.,Dossetto,3.10,1.13.00
11,15:03,Panchicuy,1200m,Handicap (Hd) 7 al 6,4,9,El Forastero,Roman Ruler,8,483k,5,A. Villagra.,Ricardo Rojas S.,Chamo Candela,10.50,1.13.00
11,15:03,Panchicuy,1200m,Handicap (Hd) 7 al 6,5,14,The Last Wolf,Del Pacifico,7,451k,7½,B. Sancho.,Luis Machulas G.,Yayita,11.70,1.13.00
12,15:30,Maporal,1300m,Clásico (Cl) (CHL),1,7,Yahshua,Good Samaritan,5,474k,0,G. Aros.,Rodrigo Pulgar A.,Tio Javi,2.40,1.16.39
12,15:30,Maporal,1300m,Clásico (Cl) (CHL),2,12,Practical Sisi,Practical Joke,5,528k,¾ cp,I. Valdivia.,Pedro Diaz S.,Los Jeques,2.00,1.16.39
12,15:30,Maporal,1300m,Clásico (Cl) (CHL),3,1,The Scientist,Scat Royal,5,522k,1¾,V. Miranda.,Alejandro Padovani E.,Haras las Camelias,13.30,1.16.39
12,15:30,Maporal,1300m,Clásico (Cl) (CHL),4,6,Kauto Y Pillo,Katmai,4,490k,2½,J. Medina.,Juan Pablo Baeza J.,Haras Santa Loreto,3.70,1.16.39
12,15:30,Maporal,1300m,Clásico (Cl) (CHL),5,8,Jamon Serrano,Star Dabbler,8,494k,3,B. Troncoso.,Alejandro Padovani E.,Carjor,6.90,1.16.39
13,16:01,Bongiorno,1200m,Handicap (Hd) 8 al 7,1,8,Rapido Y Veloz,Good Samaritan,4,456k,0,F. Henríquez.,Claudio Bernal G.,Mar Y Sol,29.40,1.12.18
13,16:01,Bongiorno,1200m,Handicap (Hd) 8 al 7,2,1,Merkel,Grand Daddy,6,419k,½ cp,D. Carvacho.,Rodrigo Quiroz S.,Tata Rey,5.10,1.12.18
13,16:01,Bongiorno,1200m,Handicap (Hd) 8 al 7,3,4,Hermano Eric,Gemologist,6,483k,1¾,N. Ramirez.,Alejandro Padovani E.,Carjor,4.10,1.12.18
13,16:01,Bongiorno,1200m,Handicap (Hd) 8 al 7,4,7,Arrancate Pairino,California Chrome,6,468k,2¼,P. Galáz.,Mario A. Apablaza G.,Renita,13.00,1.12.18
13,16:01,Bongiorno,1200m,Handicap (Hd) 8 al 7,5,6,Shetepano,Indy Dancer,4,461k,3¼,M. Cordero.,Eduardo Lab R.,Francisca Ignacia,7.40,1.12.18
14,16:31,Trompolino,1400m,Handicap (Hd) 11 al 1,1,7,Bellafonte,Midshipman,4,503k,0,J. Herrera.,Luis Urbina H.,Super Nico,2.70,1.25.16
14,16:31,Trompolino,1400m,Handicap (Hd) 11 al 1,2,8,Leyenda Roja,Distorted Economy,7,436k,¾ cp,N. Santibañez.,Ricardo Rojas S.,Red Loser,26.70,1.25.16
14,16:31,Trompolino,1400m,Handicap (Hd) 11 al 1,3,11,Rusty,Lookin At Lucky,6,504k,1,G. Ulloa.,Waleska Peña P.,El Gran Jose,7.40,1.25.16
14,16:31,Trompolino,1400m,Handicap (Hd) 11 al 1,4,5,Gemologa,Gemologist,6,562k,3½,A. Rivera.,Julio Castillo D.,Corral Hipico,6.00,1.25.16
14,16:31,Trompolino,1400m,Handicap (Hd) 11 al 1,5,10,Red Knight,Ivan Denisovich,6,484k,5½,A. Alvarez.,Claudio Bernal G.,Mario Y Elodia,10.60,1.25.16
15,17:01,Selección De Velocistas,1000m,Clásico (Cl) (G3),1,1,Mister Hiraboku,Hiraboku Deep,4,462k,0,L. Torres.,Mario A. Apablaza G.,Estos no Fallan,4.00,56.43
15,17:01,Selección De Velocistas,1000m,Clásico (Cl) (G3),2,9,Muzan,International Star,4,490k,0,N. Ramirez.,Oscar Donate S.,Llego El Talento,6.40,56.43
15,17:01,Selección De Velocistas,1000m,Clásico (Cl) (G3),3,11,Good Traffic,Good Samaritan,5,471k,1,J. Herrera.,Oscar Donate S.,El Filete,2.80,56.43
15,17:01,Selección De Velocistas,1000m,Clásico (Cl) (G3),4,3,London Alerta,Patternrecognition,4,481k,1¾,S. González.,Rodrigo Quiroz S.,Mantagua,9.20,56.43
15,17:01,Selección De Velocistas,1000m,Clásico (Cl) (G3),5,6,Pampeado,Cupid,5,481k,2¼,F. Morales.,Isaac Michea F.,Bruno Alonso,29.50,56.43
16,17:32,Piduco,1200m,Handicap (Hd) 14 al 13,1,2,Loco Gandhi,Dylan Thomas,3,493k,0,A. Vásquez.,Rodrigo López B.,Morat,3.30,1.11.54
16,17:32,Piduco,1200m,Handicap (Hd) 14 al 13,2,1,Lucia De Siracusa,Good Samaritan,5,446k,¾ cp,A. Alvarez.,Alejandro Padovani E.,Mameza,5.40,1.11.54
16,17:32,Piduco,1200m,Handicap (Hd) 14 al 13,3,5,Grozza,Dangerous Midge,8,506k,2¼,R. Fuenzalida.,Aldo Castagneto U.,Claro,26.90,1.11.54
16,17:32,Piduco,1200m,Handicap (Hd) 14 al 13,4,12,El Cobalto,Boboman,7,509k,3,M. Cordero.,Julio Castillo D.,Corral Hipico,27.10,1.11.54
16,17:32,Piduco,1200m,Handicap (Hd) 14 al 13,5,4,Gran Vera,Good Samaritan,5,421k,3¼,D. Carvacho.,Rodrigo Quiroz S.,C.V.D.,6.30,1.11.54
17,18:18,Melonero,1200m,Handicap (Hd) 13 al 12,1,1,Te Voy A Olvidar,Van Nistelrooy,5,452k,0,M. Gutiérrez.,Rafael Bernal G.,Santa Ana,21.80,1.12.29
17,18:18,Melonero,1200m,Handicap (Hd) 13 al 12,2,3,Sigue Igual,Alfonso,3,466k,1,N. Molina.,Julio Castillo D.,Baemar,4.80,1.12.29
17,18:18,Melonero,1200m,Handicap (Hd) 13 al 12,3,12,No Me Pilla,Seeking The Dia,7,417k,1¾,S. González.,Rodrigo Quiroz S.,Los Quirsan,5.00,1.12.29
17,18:18,Melonero,1200m,Handicap (Hd) 13 al 12,4,14,Spellbound,Patternrecognition,4,413k,2¾,J.A. Miño.,Carlos García V.,Mv Jr.,20.80,1.12.29
17,18:18,Melonero,1200m,Handicap (Hd) 13 al 12,5,2,La Instrumentista,Exaggerator,5,407k,3½,R. Avila.,Isaac Michea F.,Angelica Y Francisco,17.30,1.12.29
18,18:48,Feliz De La Vida,1200m,Handicap (Hd) 30 al 24,1,1,Mr Morris,Patternrecognition,4,503k,0,J. Herrera.,Hernán E. Ulloa P.,El Estero L.C.A.,5.50,1.09.54
18,18:48,Feliz De La Vida,1200m,Handicap (Hd) 30 al 24,2,8,Joses,Mendelssohn,4,474k,1¾,I. Valdivia.,Oscar Silva S.,Pastito Verde,4.00,1.09.54
18,18:48,Feliz De La Vida,1200m,Handicap (Hd) 30 al 24,3,7,Laburador,Goldencents,6,492k,1¾,J. Medina.,Isaac Michea F.,Bruno Alonso,6.40,1.09.54
18,18:48,Feliz De La Vida,1200m,Handicap (Hd) 30 al 24,4,4,Elegant Champion,Mendelssohn,3,453k,2¼,L. Torres.,Juan C. Pichara J.,Juan Jaque,3.40,1.09.54
18,18:48,Feliz De La Vida,1200m,Handicap (Hd) 30 al 24,5,5,Piter Alfonso,Scat Royal,5,430k,3½,A. Alvarez.,Claudio Bernal G.,Maitenal,20.50,1.09.54
19,19:18,St.Leger,2200m,Clásico (Cl) (G1),1,12,Apolo Rey,Mendelssohn,3,482k,0,J. González.,Luis Urbina H.,Super Nico,4.20,2.14.90
19,19:18,St.Leger,2200m,Clásico (Cl) (G1),2,5,Up And Flight,Constitution,3,460k,1¼,J. Herrera.,Luis Urbina H.,El Tata,6.90,2.14.90
19,19:18,St.Leger,2200m,Clásico (Cl) (G1),3,8,Teao,Ya Primo,3,501k,1¼,H. Berríos.,Julio Orellana R.,El Tata,1.60,2.14.90
19,19:18,St.Leger,2200m,Clásico (Cl) (G1),4,6,Tremendo Macho,Mendelssohn,3,508k,6¼,J. Medina.,Juan Pablo Baeza J.,Doña Sofía,21.60,2.14.90
19,19:18,St.Leger,2200m,Clásico (Cl) (G1),5,13,Voy Saliendo,Good Samaritan,3,501k,7,K. Espina.,Cristobal. Gonzalez M.,Charito,25.30,2.14.90
20,19:57,Maracaibo,1200m,Handicap (Hd) 15 al 14,1,2,Con Zeus,Distorted Economy,5,460k,0,H. Ochoa.,Rodrigo Sánchez Q.,Haras Lizzie,3.30,1.09.81
20,19:57,Maracaibo,1200m,Handicap (Hd) 15 al 14,2,7,Classic Form,Mendelssohn,3,394k,3½,R. Avila.,Mario Covarrubias,Doña Ester,8.00,1.09.81
20,19:57,Maracaibo,1200m,Handicap (Hd) 15 al 14,3,10,Acepto Señor,Gstaad II,4,500k,5¾,G. Rodríguez.,Pedro Molina I.,Ximena Monica,5.30,1.09.81
20,19:57,Maracaibo,1200m,Handicap (Hd) 15 al 14,4,14,Lady Manu,State Of Play,5,507k,7,H. Barrera.,Alejandro Martínez C.,Carlos Nuñez G.,8.50,1.09.81
20,19:57,Maracaibo,1200m,Handicap (Hd) 15 al 14,5,13,Yo Lo Entiendo,Patternrecognition,5,441k,8½,R. Cisternas.,Eduardo Lab R.,Per Sempre,44.10,1.09.81
20,19:57,Maracaibo,1200m,Handicap (Hd) 15 al 14,6,9,Noiprxcs,Spun to Run,3,475k,9,J. Medina.,Mario Covarrubias,Kdm,6.40,1.09.81
20,19:57,Maracaibo,1200m,Handicap (Hd) 15 al 14,7,1,Lo Franco,Seeking The Dia,5,431k,9,D. Carvacho.,Rodrigo Quiroz S.,El Kaiser,28.00,1.09.81
20,19:57,Maracaibo,1200m,Handicap (Hd) 15 al 14,8,4,Fashion Boy,Ya Primo,3,502k,9,J. Toro.,Juan C. Pichara J.,Vasquez Retamales,26.50,1.09.81
20,19:57,Maracaibo,1200m,Handicap (Hd) 15 al 14,9,12,El Habano,True Cause,6,470k,10½,P. Reyes.,Juan C. Pichara J.,Kevin Yerko,13.10,1.09.81
20,19:57,Maracaibo,1200m,Handicap (Hd) 15 al 14,10,5,Venus Victoriosa,Katmai,4,492k,11¼,A. Alvarez.,Alejandro Padovani E.,Gogo,6.70,1.09.81
20,19:57,Maracaibo,1200m,Handicap (Hd) 15 al 14,11,11,Koccia,Mendelssohn,4,466k,12¾,G. Acevedo.,Oscar Donate S.,Antonio Aida,28.70,1.09.81
20,19:57,Maracaibo,1200m,Handicap (Hd) 15 al 14,12,15,Maxiwario,Viscount Nelson,7,474k,12¾,W. León.,Genaro J. Covarrubias E.,La Corina,9.60,1.09.81
20,19:57,Maracaibo,1200m,Handicap (Hd) 15 al 14,13,8,Shamrock,Bad Daddy,9,485k,13¼,A. Covarrubias.,Julio Castillo D.,El Gallito,22.10,1.09.81
20,19:57,Maracaibo,1200m,Handicap (Hd) 15 al 14,14,6,Solo Amigos,Hootenanny,5,460k,15¼,N. Santibañez.,Alejandro Padovani E.,Alevuk,21.90,1.09.81
21,20:27,Peralen,1200m,Handicap (Hd) 17 al 16,1,2,Tordilla Divina,The Lumber Guy,4,492k,0,H. Ochoa.,Rodrigo Sánchez Q.,Haras Lizzie,4.60,1.09.95
21,20:27,Peralen,1200m,Handicap (Hd) 17 al 16,2,11,Alazan Lucero,Flameaway,4,525k,2¼,N. Ramirez.,Alejandro Padovani E.,Carnes Oly,1.70,1.09.95
21,20:27,Peralen,1200m,Handicap (Hd) 17 al 16,3,12,Pachekin,Grand Daddy,4,522k,3,J. Herrera.,Hernán Pacheco P.,Oxiper,16.70,1.09.95
21,20:27,Peralen,1200m,Handicap (Hd) 17 al 16,4,13,Nagao,Hiraboku Deep,5,483k,3¾,J. Soto.,Rodrigo López B.,Rodrigo López B.,49.30,1.09.95
21,20:27,Peralen,1200m,Handicap (Hd) 17 al 16,5,5,Mente Brillante,Mo Town,5,460k,5,J. Toro.,Juan C. Pichara J.,Callasis For Ever,10.40,1.09.95
21,20:27,Peralen,1200m,Handicap (Hd) 17 al 16,6,1,Cicarelli,Constitution,7,458k,6,B. González.,Genaro J. Covarrubias E.,La Corina,33.80,1.09.95
21,20:27,Peralen,1200m,Handicap (Hd) 17 al 16,7,10,Petimetre,Competitive Edge,6,476k,6,J. Cueto.,Rodrigo Pulgar A.,Galiano,29.00,1.09.95
21,20:27,Peralen,1200m,Handicap (Hd) 17 al 16,8,7,Mister Baalbak,Distorted Economy,4,455k,8¼,R. Fuenzalida.,Eduardo Lab R.,Medio Oriente,22.00,1.09.95
21,20:27,Peralen,1200m,Handicap (Hd) 17 al 16,8,3,Wild Dabbler,Star Dabbler,7,517k,8¼,G. Rodríguez.,Maritza Pérez A.,Alegria De Mi Corazon,5.70,1.09.95
21,20:27,Peralen,1200m,Handicap (Hd) 17 al 16,10,8,Lucero Rojo,Tourist,6,442k,10¼,D. D. Medina.,Carlos A. Flores C.,Doña Corita,106.80,1.09.95
21,20:27,Peralen,1200m,Handicap (Hd) 17 al 16,11,6,Magico Ideal,Viscount Nelson,7,426k,11,H. Barrera.,Rafael Bernal G.,Toro,30.20,1.09.95
21,20:27,Peralen,1200m,Handicap (Hd) 17 al 16,12,14,Che Moscardely,Malagacy,6,,13½,C. Weilby.,Alberto Aviles L.,Alberto Aviles L.,75.60,1.09.95
21,20:27,Peralen,1200m,Handicap (Hd) 17 al 16,13,9,First Point's,Hootenanny,5,440k,15¼,N. Molina.,Rodrigo Quiroz S.,Don Quijote,8.20,1.09.95
22,21:00,Marcus,1200m,Handicap (Hd) 20 al 18,1,11,Stanafuera,Monthir,5,517k,0,R. Painen.,Maritza Pérez A.,Morautos,14.00,1.11.12
22,21:00,Marcus,1200m,Handicap (Hd) 20 al 18,2,5,Misia Noni,Flameaway,3,440k,1½,A. Alvarez.,Cristián Urbina R.,Any,12.80,1.11.12
22,21:00,Marcus,1200m,Handicap (Hd) 20 al 18,3,9,Good Partner,Exaggerator,5,431k,2½,N. Ramirez.,Eugenio Switt V.,Carlos Cavieres,7.70,1.11.12
22,21:00,Marcus,1200m,Handicap (Hd) 20 al 18,4,10,Stevens For Record,Viscount Nelson,5,423k,4,J.A. Miño.,Mario A. Apablaza G.,Inefable,28.30,1.11.12
22,21:00,Marcus,1200m,Handicap (Hd) 20 al 18,5,4,Selenza,Good Samaritan,4,444k,5,P. Robles.,Genaro J. Covarrubias E.,JS,6.40,1.11.12
22,21:00,Marcus,1200m,Handicap (Hd) 20 al 18,6,15,El Joker,Grand Daddy,4,497k,5½,S. González.,Rodrigo Quiroz S.,Viva Chile,6.10,1.11.12
22,21:00,Marcus,1200m,Handicap (Hd) 20 al 18,7,3,Van Basten,Omayad,8,508k,9,W. León.,Rafael Bernal G.,La Flo,30.00,1.11.12
22,21:00,Marcus,1200m,Handicap (Hd) 20 al 18,8,13,Royal Dublin,Katmai,4,492k,9,R. Fuenzalida.,Aldo Castagneto U.,Claro,19.90,1.11.12
22,21:00,Marcus,1200m,Handicap (Hd) 20 al 18,9,14,Star Magic,International Star,4,425k,9¼,I. Valdivia.,Pedro Diaz S.,Las Tres Marias,7.20,1.11.12
22,21:00,Marcus,1200m,Handicap (Hd) 20 al 18,10,7,Dakhar,Classic Empire,4,453k,10,R. Avila.,Mario Covarrubias,Felipe Jesus,3.60,1.11.12
22,21:00,Marcus,1200m,Handicap (Hd) 20 al 18,11,12,Puros Cents,Goldencents,6,486k,10¾,F. Henríquez.,Claudio Bernal G.,Mar Y Sol,12.90,1.11.12
22,21:00,Marcus,1200m,Handicap (Hd) 20 al 18,12,6,Kazajo,Lemon Sour,5,448k,11¼,J. Soto.,Rodrigo Quiroz S.,El Goro,31.90,1.11.12
22,21:00,Marcus,1200m,Handicap (Hd) 20 al 18,13,2,Fast Pattern,Patternrecognition,4,466k,12½,J. Cueto.,Patricio Valderrama C.,Chispita,5.10,1.11.12
23,21:30,El Rey,1200m,Handicap (Hd) 18 al 17,1,4,Deeba Spirit,Sahara Spirit,3,491k,0,R. Cisternas.,Marco Pavez O.,Haras Sumaya,2.60,1.09.03
23,21:30,El Rey,1200m,Handicap (Hd) 18 al 17,2,2,Ruletazo,Constitution,5,438k,9,L. González.,Genaro J. Covarrubias E.,Pepe Elias,20.80,1.09.03
23,21:30,El Rey,1200m,Handicap (Hd) 18 al 17,3,5,El Amigo,Dubai Sky,6,430k,10,P. Robles.,Aldo Castagneto U.,Tomas Alonso,10.80,1.09.03
23,21:30,El Rey,1200m,Handicap (Hd) 18 al 17,4,8,Professionals,Grand Daddy,5,477k,10,R. Avila.,Patricio Valderrama C.,Santa Veronica,13.40,1.09.03
23,21:30,El Rey,1200m,Handicap (Hd) 18 al 17,5,11,El Whisky Cuando,Mayakovsky,6,514k,10,J. Herrera.,Julio Castillo D.,El Gallito,3.70,1.09.03
23,21:30,El Rey,1200m,Handicap (Hd) 18 al 17,6,15,Mountain Monarch,Sahara Spirit,3,496k,10,R. Painen.,Oscar Donate S.,Francisco Alexandra,14.50,1.09.03
23,21:30,El Rey,1200m,Handicap (Hd) 18 al 17,7,7,Besa Kiss,Hinz,6,484k,10½,J. Solano.,Harrison Adonis B.,Hansrieli,9.50,1.09.03
23,21:30,El Rey,1200m,Handicap (Hd) 18 al 17,8,3,Yeri Star,Katmai,3,475k,11½,N. Ramirez.,Alejandro Padovani E.,Del Andes,6.50,1.09.03
23,21:30,El Rey,1200m,Handicap (Hd) 18 al 17,9,10,Risby,Seeking The Dia,7,457k,13¾,P. Reyes.,Rodrigo Sánchez Q.,Super Super,11.90,1.09.03
23,21:30,El Rey,1200m,Handicap (Hd) 18 al 17,10,14,Javiera Constanza,Monthir,6,405k,14,J. Cueto.,Juan Aravena M.,Matias Aravena,41.10,1.09.03
23,21:30,El Rey,1200m,Handicap (Hd) 18 al 17,11,6,Zodiakus,Exaggerator,4,497k,14¼,F. Henríquez.,Manuel Norambuena Ch.,Primo Hermano,33.10,1.09.03
23,21:30,El Rey,1200m,Handicap (Hd) 18 al 17,12,12,Blessed,Good Samaritan,5,446k,15½,D. Carvacho.,Rodrigo Quiroz S.,C.V.D.,47.00,1.09.03
23,21:30,El Rey,1200m,Handicap (Hd) 18 al 17,13,1,Lady Astor,Tamarkuz,7,456k,18,N. Santibañez.,Julio Castillo D.,Mosqueteros De Lis,32.20,1.09.03
23,21:30,El Rey,1200m,Handicap (Hd) 18 al 17,14,9,Nanito Veloz,Midshipman,6,459k,19½,J. Soto.,Oscar Donate S.,Los Cuatro H,27.70,1.09.03
23,21:30,El Rey,1200m,Handicap (Hd) 18 al 17,U,13,Negro Maldonao,Zawraq,5,502k,20¾,H. Barrera.,Rafael Bernal G.,Los Bufalos,46.30,1.09.03
24,22:00,Burnakoff,1200m,Handicap (Hd) 24 al 20,1,6,Isidora Mia,Cunco,5,496k,0,A. Alvarez.,Alejandro Padovani E.,Florencia Paz,13.80,1.11.54
24,22:00,Burnakoff,1200m,Handicap (Hd) 24 al 20,2,1,Akrapovic,Patternrecognition,4,510k,cb,N. Ramirez.,Alejandro Padovani E.,Elephant,4.10,1.11.54
24,22:00,Burnakoff,1200m,Handicap (Hd) 24 al 20,3,2,Me La Gane Solo,International Star,3,487k,1¾,J. Herrera.,Eduardo Lab R.,Cristian Manuel,4.60,1.11.54
24,22:00,Burnakoff,1200m,Handicap (Hd) 24 al 20,4,12,Papito Alfredo,Hold Me Back,5,481k,2¼,G. Rodríguez.,Pedro Diaz S.,Vida Nueva,7.40,1.11.54
24,22:00,Burnakoff,1200m,Handicap (Hd) 24 al 20,5,9,Seattle Snow,Dubai Sky,4,454k,4¼,R. Avila.,Raúl Montesino S.,Forza Al Canut,8.90,1.11.54
24,22:00,Burnakoff,1200m,Handicap (Hd) 24 al 20,6,14,Jimbo,Newfoundland,3,455k,5,H. Ochoa.,Juan C. Pichara J.,Cecilia Falconi,5.00,1.11.54
24,22:00,Burnakoff,1200m,Handicap (Hd) 24 al 20,7,5,Vivir Sin Ti,Flyer,3,457k,8,R. Painen.,Juan C. Pichara J.,Viejo Perro,21.80,1.11.54
24,22:00,Burnakoff,1200m,Handicap (Hd) 24 al 20,8,15,Nob,Exaggerator,4,519k,9½,J. Toro.,Juan C. Pichara J.,Juan Jaque,16.20,1.11.54
24,22:00,Burnakoff,1200m,Handicap (Hd) 24 al 20,9,10,Chino Matador,Viscount Nelson,6,420k,11,W. León.,Héctor Castillo S.,Ogun,8.40,1.11.54
24,22:00,Burnakoff,1200m,Handicap (Hd) 24 al 20,10,7,Capo Azzurra,Monthir,5,502k,12,C. Weilby.,Patricio Valderrama C.,Bruno Alonso,56.40,1.11.54
24,22:00,Burnakoff,1200m,Handicap (Hd) 24 al 20,11,3,Vieja Chela,Boboman,7,502k,12¼,N. Santibañez.,Julio Castillo D.,Corral Hipico,23.60,1.11.54
24,22:00,Burnakoff,1200m,Handicap (Hd) 24 al 20,12,8,Geroi,Midshipman,4,428k,14¼,J. Cueto.,Rodrigo Quiroz S.,Artigas,32.50,1.11.54
24,22:00,Burnakoff,1200m,Handicap (Hd) 24 al 20,13,11,Easy Peasy,Mo Town,5,441k,15,N. Molina.,Rodrigo Pulgar A.,Los Sarmientos,29.80,1.11.54
24,22:00,Burnakoff,1200m,Handicap (Hd) 24 al 20,14,4,Blackcrack,Grand Daddy,5,485k,16¾,R. Fuenzalida.,Juan C. Pichara J.,Vasquez Retamales,14.60,1.11.54
24,22:00,Burnakoff,1200m,Handicap (Hd) 24 al 20,U,13,Angela Clasica,Classic Empire,4,431k,29,I. Valdivia.,Rodrigo Quiroz S.,Escobar Hnos.,0,1.11.54